Name,Temperature,pH,GH,KH,Nitrate
Aba aba,25.06,6.9944999999999995,7.05,6.85,11.7
Adolfo's catfish,25.215,6.994,7.0,6.6,16.3
Adolfo's catfish/corydoras,25.39,7.037000000000001,7.25,8.3,14.6
Afra cichlid,25.35,7.0625,7.9,6.65,13.75
"Afra cichlid, dogtooth cichild",25.735000000000003,6.8785,6.45,5.95,13.9
African brown knifefish,24.765,6.9875,8.3,8.7,14.35
African butterfly cichlid,25.14,7.185,6.65,7.15,16.5
African butterflyfish,25.5,6.977500000000001,7.0,5.95,17.25
African freshwater pipefish,25.39,7.044499999999999,7.0,7.45,15.45
African leaffish,25.18,7.023999999999999,6.9,7.7,13.45
African pike characin,25.2,6.897,7.35,6.4,13.8
African snakehead,25.72,7.032500000000001,7.9,8.95,15.8
Agassiz's dwarf cichlid,25.685000000000002,7.067,6.45,7.5,15.3
Allauad's haplo,25.395,6.964,8.0,6.8,13.45
Alligator Gar,25.744999999999997,6.995,6.55,6.85,15.0
Altum angelfish,24.990000000000002,6.9575000000000005,6.6,5.9,15.25
Amazon leaffish,25.43,6.9265,6.7,7.9,14.15
Amazon puffer,25.365000000000002,6.986,7.15,6.1,16.45
Amazon sailfin catfish,25.845,7.0344999999999995,6.65,8.6,13.8
American Flagfish,25.665,6.9030000000000005,6.0,6.75,14.8
Angelfish,25.405,7.035500000000001,7.25,8.45,16.75
Apistogramma eremnopyge,25.915,7.0,7.3,7.5,15.0
Arabian Killifish,25.619999999999997,6.994,7.7,7.8,14.85
Argentine Pearl,26.044999999999998,6.983,7.4,7.3,14.55
Arulius barb,25.764999999999997,6.9955,6.9,7.95,15.3
Asian arowana,25.595,6.893000000000001,7.25,7.85,14.25
Asian banjo catfish,25.294999999999998,6.8745,6.1,8.05,11.35
Asian bumblebee catfish,25.19,7.0280000000000005,5.6,6.1,13.95
Asian redtail catfish,25.615,7.1455,7.2,6.75,14.75
Aspidoras Cory-Cat,25.889999999999997,7.055,6.85,7.5,13.4
Astatotilapia aenocolor,25.130000000000003,7.001,7.85,7.35,15.1
Astatotilapia elegans,24.965,6.9315,6.4,7.3,15.3
Astatotilapia nubila,25.72,6.931,6.75,5.75,15.4
Astatotilapia piceatus,25.05,7.058,7.75,7.25,15.1
Astatotilapia schubotziellus,25.369999999999997,7.057,8.0,4.85,15.8
"Astatotilapia sp. ""Red Tail""",25.145,6.8565,6.15,7.8,15.95
"Astatotilapia sp. ""Spot Bar""",25.830000000000002,6.941,7.95,6.4,13.15
Auratus cichlid,25.46,6.9895,6.35,6.95,14.85
"Auratus cichlid, Malawi golden cichlid",25.96,7.0905000000000005,7.45,5.6,15.75
Aurora,25.630000000000003,6.828,7.4,6.75,16.05
Australian rainbowfish,25.925,7.030500000000001,8.0,7.35,13.35
Australian shark catfish,25.625,6.9385,6.55,7.7,13.6
Bala shark,24.85,6.9155,6.85,7.05,15.6
Banded archerfish,25.19,6.9905,7.4,7.55,14.75
Banded corydoras,25.405,6.956,7.25,7.5,12.45
Banded darter,25.580000000000002,6.883,7.0,7.65,14.8
Banded leporinus,25.825,7.0055000000000005,6.65,7.9,15.2
Banded rainbowfish,25.625,7.038500000000001,8.2,7.55,12.6
Banded tiger loach,25.689999999999998,6.842499999999999,6.85,6.95,15.35
Banjo catfish,25.945,6.968000000000001,6.9,6.05,14.65
Barred bichir,25.595,7.0215000000000005,6.7,7.4,16.2
Barred pencilfish,25.98,7.136,7.8,7.7,15.4
Barred sorubim,25.54,7.0575,6.15,6.05,13.15
Barred-tail corydoras,25.6,6.979000000000001,6.7,7.85,14.45
Barredtail corydoras,25.325,7.0760000000000005,6.7,7.75,13.9
Bearded worm goby,25.55,6.911499999999999,7.4,5.6,11.5
Beckford pencilfish,25.810000000000002,6.935,7.1,8.05,14.95
Bengal danio,25.31,7.115,6.95,7.8,13.2
"Bengal danio, Sind danio",25.875,7.083499999999999,7.85,9.3,16.65
Bengal loach,25.8,7.0105,6.55,7.4,14.6
Benthochromis tricoti,25.46,6.967999999999999,6.8,7.45,12.7
Berney's shark catfish,25.5,6.960500000000001,7.05,7.0,16.95
Bigspot barb,25.395,7.067,7.25,6.85,15.55
"Bigspot barb, Duncker's barb",25.125,6.949,6.35,7.85,17.8
Bitterling,25.16,6.9239999999999995,7.6,4.85,16.15
Black devil stingray,25.195,7.0455,7.9,7.0,13.85
Black ghost knifefish,25.41,6.9125,7.05,6.25,12.55
Black lancer catfish,25.465,7.0765,6.45,6.55,14.1
Black molly,25.97,6.968000000000001,6.05,7.3,12.75
Black neon tetra,25.905,6.941,7.1,5.6,14.85
Black phantom tetra,25.805,7.0065,6.55,7.4,11.0
Black ruby barb,25.55,6.9815,7.65,5.1,13.35
Black shark,25.5,7.07,7.25,7.15,14.05
Black tetra,25.855,7.088500000000001,5.45,7.55,15.75
"Black tetra, skirt tetra",25.580000000000002,6.8925,7.25,7.95,14.85
Black toraja goby,25.305,7.0665000000000004,6.7,6.3,13.6
Black-winged hatchetfish,25.889999999999997,7.1215,6.05,7.85,13.95
Blackbanded sunfish,25.525,7.1135,7.15,5.5,13.8
Blackline rasbora,25.8,6.9395,6.4,6.1,15.65
"Blackline rasbora, red-tailed rasbora",26.145,6.9825,7.65,6.75,13.25
Blackstripe corydoras,25.85,6.9345,7.05,7.1,12.05
Blacktop corydoras,26.389999999999997,6.9079999999999995,8.2,6.7,14.35
Bleeding heart tetra,26.32,6.9475,6.7,8.3,17.0
Blood parrot cichlid,25.555,7.0665000000000004,6.95,5.95,14.5
Bloodfin tetra,25.215,6.779999999999999,6.9,7.2,15.15
Blue Lyretail,25.975,7.1125,6.3,7.6,15.75
Blue acara,25.134999999999998,6.9959999999999996,7.15,5.65,13.0
Blue botia,25.465,7.102500000000001,7.85,6.75,13.3
Blue corydoras,25.425,7.032500000000001,7.15,7.15,13.15
Blue discus,25.6,7.0760000000000005,6.55,6.4,12.8
"Blue discus, green discus",25.490000000000002,7.0985,6.85,7.25,15.35
Blue dolphin cichlid,25.1,6.9985,7.4,6.0,13.35
"Blue dolphin cichlid, lumphead cichlid",25.615,6.9235,6.4,6.4,14.65
Blue johanni cichlid,25.2,6.881,6.45,6.2,15.55
"Blue johanni cichlid, Maingano",25.225,7.0045,6.0,7.05,14.3
Blue mbuna,26.27,7.037999999999999,7.95,7.75,13.7
Blue ram,25.830000000000002,7.0635,6.85,6.4,15.05
"Blue ram, German ram",25.494999999999997,6.9845,6.45,6.3,15.8
Blue tetra,25.520000000000003,7.011,6.5,7.2,16.35
Blue whale catfish,25.45,6.9799999999999995,7.2,7.9,13.05
Blue-spotted sunfish,25.565,6.9575000000000005,6.3,6.45,13.25
Bluefin Notho,25.415,7.086,7.4,5.8,15.85
"Bluefin Notho, Rachow's Notho, Rainbow Notho",25.34,7.0735,6.75,7.35,14.15
Bluegill,25.055,6.9815,7.4,7.45,14.65
Bluespotted corydoras,25.515,7.034000000000001,8.1,6.05,16.25
Blunt-jawed elephantnose,25.125,7.0605,7.35,6.55,10.25
Boeseman's rainbowfish,24.685,7.042,6.8,8.35,13.0
Bolivian ram,25.915,6.916500000000001,7.5,6.95,14.25
Bolt catfish,24.75,6.893000000000001,6.65,7.4,13.9
Bornean leaffish,25.895,6.9784999999999995,6.95,8.0,15.6
Borneo glass catfish,25.255000000000003,6.912000000000001,6.95,5.95,14.6
Borneo hillstream loach,25.32,7.064,7.05,6.15,13.45
Bottlenose catfish,25.345,7.019499999999999,7.55,6.5,14.6
Boulengerochromis microlepsis,25.695,7.038500000000001,5.7,8.0,16.15
Brilliant rasbora,25.105,7.001,6.85,8.25,16.25
Bristlenose pleco,25.585,7.014,6.05,7.1,13.55
"Bristlenose pleco, bushynose pleco",25.98,6.909999999999999,7.05,7.25,14.9
Britski's catfish,25.580000000000002,7.1105,7.25,7.7,16.05
Bronze corydoras,25.490000000000002,7.037999999999999,7.45,5.55,14.7
"Bronze corydoras, Emerald green cory",25.860000000000003,7.017999999999999,6.8,6.4,15.1
Brook stickleback,25.98,7.0,7.8,5.95,14.8
Brown ghost knifefish,25.205000000000002,6.9505,8.1,5.35,15.65
Brown-Point Shield Skin,25.43,7.077500000000001,6.0,6.4,13.5
Brown-point shield skin longirostris,25.744999999999997,6.973999999999999,6.9,6.4,11.95
Bucktooth tetra,25.0,6.9515,7.15,6.45,17.2
Buenos Aires tetra,25.675,7.127,6.4,7.05,15.6
Bumblebee cichlid,25.330000000000002,7.0065,7.0,6.25,16.25
"Bumblebee cichlid, hornet cichlid",25.11,6.9815,6.2,8.0,15.85
Bumblebee goby,25.68,7.032500000000001,8.3,7.35,13.85
Burmese border loach,25.775,6.909999999999999,7.1,7.35,14.85
Butterfly hillstream loach,25.0,6.882000000000001,8.15,6.3,15.9
Cambodian log sucker,25.575,7.0504999999999995,8.1,7.15,15.75
"Cambodian log sucker, false Siamese algae eater",25.975,7.0665000000000004,5.35,7.65,15.1
Canara pearlspot,24.919999999999998,7.1209999999999996,7.35,7.45,15.55
Caracha,25.830000000000002,7.0969999999999995,6.75,6.2,14.8
Cardinal tetra,25.869999999999997,7.0504999999999995,7.25,8.0,14.3
Cascarudo,25.41,6.9655000000000005,7.95,6.3,15.85
Cave tetra,25.544999999999998,7.0175,7.4,6.95,13.1
"Cave tetra, blind tetra",24.9,6.99,6.0,7.65,13.6
Celebes halfbeak,25.725,7.0825000000000005,6.7,7.3,11.95
Celebes rainbow,25.2,7.087000000000001,7.9,8.75,14.1
Chalinochromis spp.,25.625,6.9845,6.6,6.2,15.65
Chao Phraya giant shark,25.330000000000002,7.042,8.15,8.0,12.25
"Chao Phraya giant shark, giant pangasius",25.19,7.0569999999999995,7.05,8.2,13.3
Checker barb,25.19,6.9285,6.7,7.0,14.3
Checkerboard Cichlid,25.655,7.0105,6.75,6.55,16.75
Cherry barb,25.115000000000002,6.9455,7.5,5.25,15.4
Chinese algae eater,25.435,7.045999999999999,6.25,8.85,16.25
Chinese high fin banded shark,26.1,7.001,7.1,8.7,13.6
Chinese hillstream loach,25.555,7.011,6.35,7.55,14.95
Chipokee cichlid,25.764999999999997,6.9965,6.4,5.75,15.2
Chocolate cichlid,25.445,6.955500000000001,7.1,6.6,13.15
Chocolate frogmouth catfish,25.525,7.0175,6.45,8.4,16.1
Chocolate gourami,25.869999999999997,6.982000000000001,6.25,6.9,14.05
Climbing perch,25.134999999999998,6.894500000000001,6.95,7.95,15.75
Clipper barb,25.245,6.9415000000000004,7.7,6.7,14.6
"Clown Killifish, rocket killifish",25.294999999999998,7.028499999999999,7.4,7.85,14.95
Clown barb,25.705000000000002,6.968500000000001,7.8,5.8,15.8
Clown knifefish,25.03,6.9655000000000005,6.5,6.55,14.35
Clown loach,25.509999999999998,7.0465,7.3,8.05,16.35
Clown rasbora,25.115000000000002,6.925,6.35,7.45,14.55
Cobalt blue cichlid,25.889999999999997,6.9415,7.25,6.1,14.05
"Cobalt blue cichlid, cobalt zebra cichlid",25.544999999999998,7.1065,6.55,7.1,12.3
Cobalt blue goby,25.639999999999997,6.975,7.85,6.2,16.15
Cockatoo dwarf cichlid,25.645,6.9959999999999996,6.1,7.75,13.85
Colombian shark catfish,25.639999999999997,6.949,6.35,7.15,12.3
Common dace,25.945,7.0465,6.1,7.4,14.35
Common discus,24.93,6.936,6.7,5.65,13.35
"Common discus, red discus",25.23,7.034999999999999,6.85,7.15,14.3
Common hatchetfish,26.235000000000003,7.01,6.8,7.15,15.05
Common pleco,25.660000000000004,7.0344999999999995,6.35,7.0,15.25
"Common pleco, suckermouth catfish",25.669999999999998,7.08,6.6,7.7,15.45
"Common pleco, suckermouth catfish, Amazon sailfin catfish",25.11,7.0845,6.6,7.3,15.05
Common syno,25.865,6.971500000000001,7.75,7.3,16.8
"Common syno, false upside-down catfish",24.990000000000002,6.9955,6.8,6.95,14.3
Congo pufferfish,26.139999999999997,7.055,6.1,7.55,14.45
Congo tetra,25.655,7.06,6.55,6.65,13.25
Convict cichlid,24.945,7.064,7.2,6.5,13.85
Coral-red pencilfish,25.029999999999998,6.92,7.65,7.2,14.6
Corydoras nain,25.4,7.035500000000001,7.2,7.8,13.6
Crazy fish,25.56,6.9815,7.7,6.55,12.85
Crescent betta,25.725,6.8155,7.3,6.5,12.6
Croaking gourami,25.505000000000003,6.939,8.0,7.35,16.45
Crystal eyed catfish,25.935000000000002,6.99,7.65,5.9,12.15
Crystal-eyed catfish,25.6,7.0645,6.85,7.75,13.55
Cuban Gar,25.19,7.034000000000001,6.4,7.55,13.05
Cuban lima,25.330000000000002,6.993,7.5,5.95,15.0
Cuckoo squeaker,25.605,7.029000000000001,7.9,8.65,13.8
Cyathopharynx furcifer,25.445,6.804,7.65,6.6,16.0
Daisy's Ricefish,25.619999999999997,7.071,8.0,8.25,13.35
Dalmatian molly,25.544999999999998,6.9965,6.4,8.1,15.45
Deckers Panzerwels,25.685000000000002,7.086,6.6,6.1,13.2
Decorated squeaker,25.345,7.028499999999999,6.2,5.4,13.7
Delicate blue-eye,25.6,7.026999999999999,6.8,5.6,14.35
Denison's barb,26.21,6.8790000000000004,7.2,6.95,13.25
"Denison's barb, red line torpedo barb",25.45,6.9405,7.2,6.0,13.9
Diamond tetra,25.580000000000002,6.9205,7.2,6.45,14.95
Dinema catfish,26.325,7.019,6.5,6.5,14.65
Disk tetra,25.259999999999998,6.8835,7.9,5.1,13.4
Dojo loach,24.84,7.05,7.3,7.5,15.15
Dollar sunfish,25.375,6.9935,7.5,8.05,14.55
"Dragon goby, Violet goby",25.645,7.037999999999999,7.15,6.95,15.75
Duboulayi's rainbowfish,25.73,7.0265,7.0,7.9,12.7
Duncker's barb,25.814999999999998,6.9905,7.6,7.3,14.85
Dwarf Mbuna,25.02,6.851000000000001,6.6,7.55,14.3
Dwarf botia,25.544999999999998,7.1065,6.15,5.7,15.05
Dwarf bumblebee catfish,25.005000000000003,6.967499999999999,7.3,7.65,15.95
Dwarf corydoras,25.485,6.9510000000000005,8.05,7.6,14.8
Dwarf flag cichlid,25.544999999999998,7.0795,7.8,8.55,14.7
Dwarf gourami,25.82,7.0095,6.65,6.55,14.15
Dwarf loach,25.8,6.937,6.3,5.75,14.9
Dwarf pencilfish,25.6,6.932,6.45,6.55,14.0
Dwarf pufferfish,25.294999999999998,6.884,6.7,5.95,13.4
Dwarf rasbora,25.05,6.9455,7.1,6.7,14.15
Dwarf snakehead,25.595,7.071,6.75,5.1,14.6
Eartheater cichlid,25.714999999999996,6.8790000000000004,7.2,8.1,16.1
Eastern rainbowfish,25.735000000000003,6.9325,8.0,7.5,14.25
Ectodus descampsii,25.34,6.983,8.35,8.45,13.65
Ehrhardt's corydoras,25.639999999999997,7.030500000000001,7.0,8.6,13.75
Electric blue cichlid,25.235,7.0175,8.25,8.1,12.85
Electric catfish,25.255000000000003,6.9845,6.15,8.35,14.95
Electric eel,25.515,6.910500000000001,5.95,6.2,13.6
Electric yellow cichlid,25.55,6.9239999999999995,7.0,6.45,13.85
Elegant corydoras,24.975,6.969499999999999,7.2,6.9,14.95
Ember tetra,25.825,7.0575,6.95,7.1,14.65
Emerald catfish,25.895,6.995,7.3,6.65,15.75
Emperor snakehead,26.014999999999997,7.072,7.05,6.55,13.15
Emperor tetra,26.135,7.030500000000001,6.85,7.2,13.8
Empire gudgeon,25.294999999999998,7.017,7.8,7.5,15.45
Endler's livebearer,25.225,6.961499999999999,6.95,7.45,15.2
Espei rasbora,25.259999999999998,7.0655,6.75,7.7,16.9
Eureka red peacock,25.36,6.865,6.95,8.1,14.6
European Perch,25.119999999999997,6.8775,8.05,5.8,15.65
European minnow,25.365000000000002,7.017,7.1,8.6,14.55
Evelyn's cory,26.035000000000004,7.0065,5.7,6.5,15.05
Even-Spotted squeaker,25.669999999999998,7.0135000000000005,7.85,5.2,15.45
Eyespot rasbora,25.5,7.108499999999999,7.35,6.95,13.9
Fahaka puffer,25.45,7.153499999999999,6.9,6.6,14.5
False network catfish,25.76,7.0515,7.8,7.05,15.55
False spotted catfish,25.705000000000002,7.154000000000001,6.2,7.5,15.85
Featherfin,25.755000000000003,6.989,6.65,6.75,13.8
Featherfin squeaker,25.35,6.935,7.25,7.9,14.9
Figure 8 pufferfish,25.009999999999998,7.0715,6.45,7.75,15.8
Fire eel,25.425,7.031999999999999,5.75,7.55,12.7
Firemouth cichlid,24.880000000000003,7.1245,6.25,6.2,16.55
Firewood catfish,24.855,6.969499999999999,7.1,6.55,13.25
"Firewood catfish, (planiceps) shovelnose catfish",25.7,7.041500000000001,6.95,6.2,14.85
"Fiveband barb, pentazona barb",25.419999999999998,7.014,7.45,5.95,14.6
Flag cichlid,25.485,7.078,6.45,6.6,15.05
Flame tetra,25.2,6.912999999999999,7.95,7.5,15.35
Flameback,25.425,6.983,5.75,7.35,13.95
Florida Gar,25.57,6.958499999999999,6.25,6.55,13.65
Flowerhorn cichlid,25.555,6.955,7.1,5.5,14.05
Flying fox (fish),26.014999999999997,6.992,7.2,8.0,14.25
Flügelpanzerwels,25.17,6.912000000000001,7.05,7.65,15.55
Forest halfbeak,26.25,6.970000000000001,6.4,7.1,13.6
Forest snakehead,24.865000000000002,6.9625,6.55,6.8,11.2
Fork-tailed loach,25.335,6.998,7.05,7.5,15.55
Forktail blue-eye,25.56,7.055,6.95,7.65,12.8
Freshwater blenny,25.335,7.007000000000001,7.85,6.85,15.4
Freshwater needlefish,25.555,7.098000000000001,6.65,6.45,17.15
Freshwater pipefish,25.125,7.0145,6.1,5.6,13.65
Freshwater sole,25.490000000000002,6.884,7.05,6.9,15.5
Frontosa cichild,26.345,7.0265,8.25,7.95,13.25
Fuelleborn's cichlid,25.555,7.104000000000001,7.35,5.3,13.5
"Fuelleborn's cichlid, Blue mbuna",25.725,6.873,7.05,5.55,13.0
Fusco,25.6,7.221500000000001,7.4,7.45,14.05
Gangetic loach,25.5,7.0155,6.7,6.45,10.95
Garnet tetra,25.285,6.948,6.7,7.65,15.15
"Garnet tetra, pretty tetra",25.185,6.9239999999999995,6.5,7.95,12.85
German ram,25.285,6.9185,6.75,6.55,14.9
Gewellter Panzerwels,25.725,7.0329999999999995,6.7,6.75,13.6
Giant Pikehead,25.490000000000002,6.976000000000001,6.95,6.7,15.15
Giant danio,25.665,7.032500000000001,7.6,5.95,15.35
Giant freshwater pufferfish,25.605,7.1194999999999995,6.5,8.8,14.35
Giant gourami,25.595,6.909999999999999,6.95,6.7,15.85
Giant pangasius,25.3,7.0905000000000005,7.65,6.75,14.4
Giant snakehead,25.215,6.9815,6.65,6.5,14.35
Gilt darter,24.86,7.114,6.8,8.1,14.45
Giraffe catfish,25.22,7.045,7.0,7.1,14.75
Glass bloodfin tetra,25.610000000000003,6.9365,7.0,7.3,12.6
Glass catfish,25.119999999999997,6.956999999999999,6.55,6.4,14.1
Glass knifefish,25.82,6.941,7.1,5.9,13.0
Glowlight rasbora,25.395,6.994,6.5,7.05,15.6
Glowlight tetra,25.155,6.965000000000001,7.85,7.05,13.8
Gold Zebra catfish,25.515,7.0095,7.6,7.7,13.4
Gold barb,26.1,6.9094999999999995,6.75,7.2,15.3
Gold laser cory,25.744999999999997,7.198,6.85,7.05,14.55
Gold nugget pleco,25.055,6.9254999999999995,7.05,7.2,13.25
Golden Julie,25.4,6.9510000000000005,7.2,6.8,15.55
Golden Toppminnow,25.509999999999998,7.007000000000001,6.95,6.6,15.95
Golden Wonder,25.695,7.0605,7.2,7.25,15.15
Golden barb,25.82,7.0569999999999995,7.5,6.4,14.4
Golden dwarf sucker,25.869999999999997,7.034999999999999,6.05,7.15,13.55
"Golden dwarf sucker, golden oto",25.235,7.195,6.75,6.0,13.05
Golden orfe,25.56,7.016,6.8,6.9,13.8
Golden pencilfish,26.04,7.172,7.0,6.85,13.85
Golden pristella tetra,24.96,6.9765,7.3,6.95,14.4
Golden puffer,25.07,7.051,7.25,5.45,12.5
Goldfish,25.509999999999998,6.928,6.8,7.35,13.85
Goldspot ancistrus albino,25.375,6.859,7.0,7.55,14.9
Goliath tigerfish,25.494999999999997,6.905500000000001,6.95,7.0,15.05
Gray bichir,25.240000000000002,7.100499999999999,6.75,6.5,10.95
"Gray bichir, Senegal bichir, or dinosaur bichir",25.2,7.005,8.3,6.85,13.3
Green chromide,25.195,7.2170000000000005,7.8,6.95,15.9
Green gold catfish,25.27,6.980500000000001,6.25,8.1,15.15
Green neon tetra,25.43,6.9365,6.6,6.4,14.25
Green spotted puffer,25.619999999999997,7.003,7.3,8.15,15.1
Green sunfish,25.380000000000003,7.08,6.55,7.85,14.4
Green swordtail,25.275,7.224500000000001,6.95,6.75,16.45
Green terror,25.65,6.8870000000000005,6.75,6.0,16.85
Green tiger loach,25.685000000000002,6.973000000000001,6.9,7.5,14.4
Greenstreaked Eartheater,25.105,6.9784999999999995,5.8,5.35,16.5
"Greenstreaked Eartheater, cupid cichlid",26.115,7.036499999999999,7.1,6.85,15.8
Greenstripe barb,25.41,6.971500000000001,6.95,7.3,13.95
Guapore corydoras,25.29,6.9545,7.4,6.4,12.3
Guenther's Mouthbrooder,25.685000000000002,7.0565,6.95,5.95,14.65
Gulper catfish,25.31,6.9915,6.75,7.1,13.2
Guppy,25.515,6.963500000000001,6.3,7.15,13.35
Half-banded spiny eel,25.215,7.0485,6.85,8.05,14.45
Harlequin lancer catfish,26.375,6.983,7.7,8.35,15.05
Harlequin rasbora,25.845,7.023999999999999,7.25,6.05,14.8
Head and tail light tetra,25.810000000000002,6.9155,7.05,6.35,14.65
Hellgrüner Panzerwels,25.384999999999998,6.9959999999999996,6.7,8.35,14.6
Hengeli rasbora,25.860000000000003,7.051,5.75,6.65,15.9
Herring cichlid,25.009999999999998,6.992999999999999,6.65,7.05,13.3
"Herring cichlid, sardine cichlid",25.294999999999998,7.095999999999999,7.45,6.8,13.35
Hingemouth,25.415,6.970999999999999,6.9,7.8,14.4
Hippo Point Salmon,25.525,6.989,6.45,6.55,16.05
Hockeystick pencilfish,25.52,7.0025,6.75,6.0,15.3
Hognosed brochis,26.105,6.99,7.1,6.45,13.5
Hohtolaikkumonninen,25.85,7.055,8.5,6.2,15.7
Hongi,25.18,6.9879999999999995,7.45,7.75,15.85
"Hongi, Red-top kimpumpa",25.37,7.088500000000001,7.05,5.45,17.25
Horabagrus brachysoma,25.57,7.087999999999999,8.1,8.2,13.7
Horseface loach,25.689999999999998,7.002,7.5,6.2,15.4
Hujeta gar,25.55,7.108,7.4,5.8,13.85
Humpback Puffer,25.455000000000002,6.9385,7.95,7.55,16.05
Indian Glass Barb,25.764999999999997,6.935,6.9,5.5,13.7
Indian glassy fish,25.315,6.8405000000000005,6.65,6.25,14.7
Indonesian tigerfish,25.445,6.9719999999999995,6.9,5.8,15.15
Iridescent shark,25.015,6.9495000000000005,6.9,7.8,14.45
Jack Dempsey cichlid,25.955000000000002,6.9895,7.4,6.5,14.7
Jaguar catfish,25.825,7.1290000000000004,5.45,8.75,13.7
Jaguar cichlid,24.935,7.0465,7.1,6.7,15.55
"Jaguar cichlid, managuense cichlid",25.369999999999997,6.9864999999999995,7.05,5.1,13.05
January tetra,25.74,7.149500000000001,7.3,6.55,13.45
Java loach,25.75,6.902500000000001,6.95,7.8,13.85
Javanese ricefish,25.475,7.028499999999999,6.65,8.3,14.0
Jellybean tetra,25.044999999999998,6.864,7.25,6.45,13.65
Jewel cichlid,25.82,7.0,7.95,7.95,13.1
"Jewel cichlid, two-spotted jewel cichlid",25.910000000000004,6.9325,7.7,8.2,16.65
Johanni cichlid,25.580000000000002,6.9475,7.05,7.2,14.1
Julie cichlid,25.52,7.0375,6.95,6.6,13.0
Julii corydoras,26.095,7.029000000000001,7.35,7.15,16.2
Kaligono,25.185,6.968500000000001,6.1,4.65,13.25
Kenyi cichlid,25.535,6.9254999999999995,6.9,7.3,15.55
Keyhole cichlid,25.6,7.1295,6.75,6.95,13.45
Kissing gourami,25.175,6.9455,6.55,7.9,14.15
"Kissing prochilodus, flagtail Prochilodus",25.405,7.017999999999999,6.95,6.25,15.4
Knife livebearer,25.259999999999998,7.044,6.95,7.9,16.6
Knight goby,25.72,6.9885,6.25,7.15,13.6
Koi,25.645,6.9875,6.35,7.75,13.25
"Koi, common carp",25.080000000000002,6.923,6.2,7.7,14.05
Kribensis,25.714999999999996,6.984999999999999,7.05,7.35,14.85
"Kribensis, krib",25.52,7.017,7.55,7.05,14.6
"Kribensis, krib, many common names because of many subspecies
",25.275,6.916500000000001,7.15,6.95,15.05
Kuhli loach,25.375,7.039499999999999,6.6,7.9,14.05
"Kuhli loach, coolie loach",25.975,6.8755,7.9,6.45,15.0
"Labidochromis sp. ""Mbamba Bay""",25.919999999999998,6.8885000000000005,7.65,6.3,13.25
Lake Kurumoi rainbowfish,25.15,6.99,7.6,8.15,13.15
Lake Kutubu rainbowfish,25.869999999999997,7.014,6.95,7.25,12.55
Lake Malawi syno,26.105,6.7705,7.05,6.85,14.9
Lake Tebera rainbowfish,25.65,7.1235,7.1,8.75,13.0
Lake Wanam rainbowfish,25.78,7.0424999999999995,7.0,7.7,13.85
Lamprologus ocellatus,25.34,7.07,6.35,7.6,11.7
Largescale four-eyed fish,25.764999999999997,7.039499999999999,7.25,6.3,15.35
Least killifish,25.975,7.197,7.45,7.75,16.45
Leiarius marmoratus,25.52,7.040000000000001,6.2,8.2,11.65
Leiarius pictus,25.85,6.881,7.1,7.4,12.95
Lemon cichlid,25.35,6.976999999999999,7.3,6.95,15.4
Lemon tetra,25.660000000000004,7.126,6.75,4.75,12.3
Leopard bush fish,26.360000000000003,7.002,7.15,7.35,16.6
Leopard sailfin pleco,25.639999999999997,7.003,7.55,6.5,15.35
"Leopard sailfin pleco, clown sailfin pleco",26.21,7.016499999999999,8.15,6.0,15.65
Lesser spiny eel,25.610000000000003,6.9515,7.65,6.95,15.05
Lifalili jewel cichlid,25.365000000000002,7.018000000000001,7.0,7.7,13.05
"Lifalili jewel cichlid, blood-red jewel cichlid",25.04,7.073,7.15,8.5,14.8
Lima shovelnose catfish,25.294999999999998,7.088500000000001,6.6,7.0,13.25
Lionhead cichlid,25.639999999999997,6.979000000000001,6.05,8.25,16.25
Livingston's cichlid,25.655,7.0085,5.7,7.15,14.75
Loach catfish,25.34,7.157500000000001,6.9,6.15,15.8
Lobochilotes labiatus,25.244999999999997,7.031000000000001,7.95,6.8,14.6
Long nosed arched cory,25.615,7.003,7.3,7.35,13.5
Long-fin tetra,25.415,7.036499999999999,7.0,6.8,14.8
Longear sunfish,26.035000000000004,6.945,6.4,6.55,15.6
Longnose Gar,25.4,7.081999999999999,7.1,7.45,17.2
Longnose loach,24.535,7.0565,7.15,6.25,13.2
Loxozonus cory,25.330000000000002,7.065,6.65,9.8,12.45
Lufundi (native name),25.695,7.166500000000001,7.3,7.75,15.05
Lyretail Molly,25.43,6.865,7.3,6.1,14.95
Lyretail cichlid,25.895,7.2155000000000005,6.7,7.85,14.55
"Lyretail cichlid, fairy cichlid",25.665,6.9425,6.0,8.55,13.35
Madagascar rainbowfish,25.445,6.865,7.1,6.75,14.05
Maingano,25.54,7.071,6.5,5.9,11.7
Malabar danio,25.880000000000003,6.9345,6.75,5.85,15.25
Malawi barracuda,25.810000000000002,6.9879999999999995,7.05,7.6,15.55
Malawi eyebiter,24.93,6.92,7.6,6.6,14.75
Malawi golden cichlid,25.71,7.026999999999999,7.1,7.95,13.55
Malay combtail,25.830000000000002,6.9510000000000005,7.65,7.2,16.5
Malayan leaffish,25.76,7.071,8.35,7.4,13.95
Marbled Headstander,25.009999999999998,6.8785,7.2,6.05,12.5
Marbled goby,25.544999999999998,6.925,6.0,6.95,15.85
Marbled hatchetfish,25.03,7.123,8.1,5.6,13.9
Marbled headstander,25.645,6.840000000000001,7.7,7.2,16.65
Masked Julie,25.610000000000003,7.108499999999999,7.4,5.85,15.55
Masked corydoras,25.44,6.935,6.65,6.3,17.2
"Masked corydoras, bandit corydoras",25.32,6.93,7.1,6.9,14.95
Mayan cichlid,25.384999999999998,6.9655000000000005,7.35,6.45,16.25
Mbu puffer,25.44,7.0040000000000004,7.0,7.5,14.1
Melon barb,25.515,7.2035,6.15,6.2,16.05
Midas cichild,25.5,7.090000000000001,6.65,8.1,15.25
"Midas cichild, red devil cichlid",25.855,7.068,6.9,7.15,14.65
Midnight catfish,25.065,6.890000000000001,7.4,7.3,15.3
Moonlight gourami,25.119999999999997,7.009,6.95,5.4,14.4
Mosaic corydoras,25.305,6.898999999999999,7.65,7.4,13.85
"Mosaic corydoras, reticulated corydoras",25.490000000000002,6.903499999999999,7.75,6.7,14.35
Narziß-Panzerwels,25.285,6.9425,6.4,7.3,13.3
Neolamprologus multifasciatus,24.95,6.9305,6.6,7.75,14.1
Neolamprologus similis,25.3,7.038500000000001,6.7,9.1,15.0
Neon rainbowfish,25.175,7.047,6.5,7.3,15.4
Neon tetra,25.705000000000002,7.0845,5.7,7.75,13.45
New Guinea rainbowfish,25.125,7.007,7.1,7.9,17.1
Niger tetra,25.8,7.0815,6.8,7.0,14.3
Norman's lampeye,25.82,7.075,7.5,8.4,14.75
Northern Studfish,24.935,7.134,7.1,6.55,13.55
Northern sunfish,25.74,6.942,7.75,6.2,15.7
Ocellate river stingray,25.794999999999998,7.0515,7.45,6.6,15.4
Ocellated snakehead,25.25,7.011,7.7,7.55,13.95
Odessa barb,26.089999999999996,6.931,6.55,7.9,13.65
Oil catfish,25.28,6.886,7.85,6.95,13.05
One-lined Pencilfish,26.014999999999997,7.104000000000001,6.35,6.7,13.95
Onespot barb,25.035,7.07,6.65,7.0,14.05
Orange chromide,25.22,7.1845,7.45,6.1,16.3
Orangespotted sunfish,25.305,7.036499999999999,7.55,7.05,12.35
Orangethroat darter,25.285,7.031499999999999,7.0,5.8,13.35
Ornate Pimelodus,25.775,6.9565,6.55,6.7,14.35
Ornate bichir,25.73,7.123,7.35,7.75,16.7
Ornate tetra,25.240000000000002,6.8595,6.85,6.95,17.9
Oscar,25.375,6.956,8.1,9.05,11.7
Pacific blue-eye,26.314999999999998,6.9784999999999995,7.05,6.75,13.85
Pale usisya aulonocara,25.994999999999997,7.020999999999999,7.6,6.85,15.1
Panaque,26.645,7.0485,6.45,6.75,16.15
Panda barb,25.45,6.841500000000001,7.45,7.15,15.1
Panda corydoras,25.56,6.992,6.9,7.5,17.0
Panda dwarf cichlid,25.97,6.976999999999999,7.0,7.15,13.65
Paradise fish,25.555,7.087000000000001,6.95,7.55,13.8
Paranankaitamonninen,25.475,6.9545,7.3,6.8,15.55
Partipentazona barb,25.565,6.867,6.3,6.9,13.6
Pastaza corydoras,25.15,6.9845,7.65,6.95,15.1
Payara,25.764999999999997,6.956,7.3,7.3,15.8
Peacock bass,25.105,7.0,6.85,6.85,14.35
"Peacock bass, butterfly peacock bass",25.36,6.958500000000001,6.9,7.2,12.15
Peacock gudgeon,25.5,7.007,6.55,5.9,14.45
Pearl danio,24.544999999999998,6.904000000000001,6.25,7.95,15.2
Pearl gourami,25.665,6.8845,7.0,5.3,12.7
Pearl of Likoma,26.014999999999997,7.0595,6.55,7.4,15.6
Penguin tetra,25.839999999999996,6.952500000000001,7.9,7.2,15.35
"Penguin tetra, blackline penguinfish",25.080000000000002,6.9455,6.75,6.15,15.05
Pentazona barb,25.48,6.836499999999999,7.1,7.4,16.05
Peppered corydoras,25.735000000000003,6.995,6.35,6.7,15.2
"Peppered corydoras, salt and pepper catfish",25.475,7.045,7.45,5.65,13.75
Peters' elephant nose,25.845,6.970000000000001,8.05,6.9,12.6
"Petrochromis sp. ""Zaire Texas""",24.869999999999997,7.022,6.85,6.25,14.25
Petrochromis trewavasae,25.95,6.873,6.35,6.6,15.25
Pickerel,25.5,7.0120000000000005,7.75,6.05,15.2
Pictus catfish,25.669999999999998,7.1209999999999996,6.9,7.25,14.8
Pike topminnow,25.185,6.9094999999999995,6.0,7.15,14.35
Pineapple pleco,25.665,7.0065,6.5,5.7,14.6
"Pineapple pleco, orange cheek pleco",24.955000000000002,7.071,6.95,5.7,14.15
Pink corydoras,25.57,7.0725,7.35,5.95,15.8
Pink-tail chalceus,25.475,6.931,6.85,6.9,15.6
Pinstripe damba,25.6,6.9254999999999995,7.35,7.1,17.65
Polka dot syno,25.259999999999998,6.984,6.35,8.3,13.15
Polka-Dot Loach,25.384999999999998,7.0005,6.35,5.45,14.6
Pool barb,25.395000000000003,7.090000000000001,6.95,8.0,12.75
Poor man's tropheus,25.46,6.9045000000000005,6.9,8.3,13.55
Pumpkinseed,25.794999999999998,7.077500000000001,7.35,7.55,14.5
Purple sleeper gudgeon,25.845,6.942,6.8,7.25,11.25
Pygmy corydoras,25.75,7.056,7.75,6.55,15.55
Pygmy driftwood catfish,25.3,7.087999999999999,6.95,6.05,14.35
Pygmy gourami,25.225,6.994,8.05,7.05,14.65
"Pygmy gourami, Sparkling gourami",24.97,7.0875,6.85,7.35,14.3
Pygmy sunfish,25.915,6.894,6.85,5.1,14.8
Queen danio,25.8,7.063,7.35,7.35,13.8
Rachow's Notho,25.595,6.912999999999999,6.8,6.35,12.85
Rainbow Notho,25.635,6.9285,5.9,6.95,13.05
Rainbow darter,25.195,6.916500000000001,6.8,6.5,12.3
Rainbow shark,25.95,6.964499999999999,6.85,7.3,13.55
Rainbow shiner,25.6,7.066,7.9,7.65,14.0
Rainbow stiphodon,25.45,6.9855,6.55,7.6,16.15
Red Eye tetra,25.78,7.05,6.9,7.45,13.95
Red bellied pacu,25.669999999999998,7.016,6.2,5.65,14.95
Red devil cichlid,25.775,6.9784999999999995,6.95,8.1,15.35
Red empress cichlid,25.18,7.0565,8.35,6.9,13.65
Red fin hap,25.72,6.9704999999999995,6.9,8.05,13.85
Red line torpedo barb,25.99,6.9254999999999995,7.35,7.8,16.05
Red phantom tetra,25.479999999999997,6.913500000000001,7.3,7.4,14.25
Red piranha,25.46,6.9455,7.6,7.8,16.1
Red rainbowfish,25.095,6.972499999999999,8.05,8.15,14.85
Red shiner,25.585,6.93,7.1,7.95,12.15
Red tail barracuda,25.47,7.0569999999999995,6.85,6.7,14.2
Red wolf fish,25.31,6.9365,6.8,6.75,16.6
Red zebra cichlid,25.494999999999997,6.981,7.35,7.3,14.55
Red-bellied pacu,25.09,6.977500000000001,6.9,7.7,14.3
Red-finned shark,25.16,6.993,6.55,7.65,14.65
Red-seam Killifish,25.610000000000003,7.0465,6.2,6.45,14.8
Red-striped rasbora,25.755000000000003,6.843500000000001,7.15,7.1,12.35
Red-tail dwarf puffer,25.794999999999998,6.942,6.4,6.65,14.65
Red-tailed black shark,25.839999999999996,6.9515,6.95,7.95,15.3
Red-top kimpumpa,25.119999999999997,6.970999999999999,6.9,6.95,12.6
Redbreast sunfish,25.660000000000004,7.168000000000001,8.1,8.15,13.5
Redear sunfish,25.580000000000002,7.0545,6.35,5.8,14.55
Redfin tiger loach,25.494999999999997,6.992999999999999,8.2,6.55,14.4
Redspotted sunfish,25.37,7.06,7.05,7.15,14.3
Redtail catfish,25.285,6.9625,6.65,6.7,12.85
Redtail loach,25.755000000000003,6.964,6.95,8.2,14.3
Reedfish,25.215,6.9765,7.15,7.4,16.3
Reticulated knifefish,25.639999999999997,6.970999999999999,6.9,5.65,14.45
Retropinnis bichir,25.175,7.086499999999999,7.8,8.25,14.0
Rio Grande cichlid,25.330000000000002,7.077,7.75,7.05,15.5
Rosy barb,26.02,6.9864999999999995,7.65,7.95,14.25
Rosy red minnow,25.685000000000002,7.0795,6.85,7.4,12.65
"Rosy red minnow, fathead minnow",25.65,7.1290000000000004,7.15,6.75,13.6
Rosy tetra,25.725,6.934,7.45,6.55,13.5
Royal tetra,25.365000000000002,6.973999999999999,8.25,7.85,12.5
Rummy-nose tetra,25.6,7.059,7.6,6.05,13.85
Rusty cichlid,26.07,6.905500000000001,6.15,5.7,15.5
"Rusty cichlid, lavender cichild",25.34,7.089499999999999,7.5,8.75,15.65
Ruutuselkämonninen,25.3,7.001,7.55,7.1,14.3
Saddle-back Loach,25.44,6.970999999999999,5.8,7.45,14.15
Saddled bichir,25.635,7.156999999999999,7.2,6.6,13.4
Sailfin catfish,25.85,7.0504999999999995,6.6,7.75,14.45
Sailfin corydoras,26.05,6.966500000000001,6.55,7.05,15.55
Sailfin molly,25.32,7.087999999999999,6.15,7.25,12.6
Salmon-red rainbowfish,25.185,6.973000000000001,7.3,7.5,13.55
Salt and pepper catfish,25.53,6.9875,7.1,6.85,15.15
Salt and pepper catfish/corydoras,25.645,6.816,7.4,7.8,15.75
Sardine cichlid,25.75,7.0075,6.9,6.7,15.6
Saulosi,25.54,6.912999999999999,6.55,7.55,14.4
Savannenpanzerwels,25.205000000000002,7.128,7.4,6.65,15.55
Scarlet betta,25.85,6.947,6.75,7.2,14.9
Schlichter Schwarzrücken-Panzerwels,25.35,7.0920000000000005,7.65,6.5,14.25
Schmerlenpanzerwels (loach catfish),25.080000000000002,6.973000000000001,7.3,5.75,15.45
Schmuckpanzerwels,25.5,7.0,5.75,6.8,13.25
Schreitmullerâs metynnis,25.5,6.85,6.7,6.4,12.4
Schwartz's catfish,25.509999999999998,7.101999999999999,6.65,7.1,12.4
Scissortail rasbora,25.74,6.992,6.75,6.5,13.8
Scleromystax prionotos,25.36,6.893000000000001,7.3,6.15,14.9
Senegal bichir,24.065,7.1815,6.85,6.95,15.9
Serpae tetra,25.565,7.041500000000001,6.9,6.75,13.5
Severum,25.77,7.006,7.6,6.3,15.65
Shadow catfish,24.89,6.902500000000001,7.95,6.4,14.8
Shortfin barb,25.384999999999998,7.042,6.7,8.2,13.5
Shovelnose Sturgeon,25.415,7.023000000000001,8.0,6.15,15.35
Siamese algae eater,25.615,6.9125,6.5,7.1,15.05
"Siamese algae eater, fringe barb",25.639999999999997,7.0329999999999995,6.5,6.55,13.85
Siamese fighting fish,25.48,6.9985,7.35,6.45,13.4
"Siamese fighting fish (sometimes Betta, esp. US)",25.55,7.0525,7.2,6.4,14.75
Siebenfleck-Panzerwels,25.29,6.961,7.1,7.0,14.1
Silver arowana,25.4,6.825,6.6,5.3,15.95
Silver dollar,25.665,6.9975,7.1,6.35,13.65
Silver hatchetfish,25.39,6.9625,6.45,5.9,12.35
Silver tigerfish,25.45,7.034000000000001,5.65,6.2,13.95
Silvertip tetra,25.19,6.9245,7.0,6.7,15.95
Simochromis pleurospilus,25.625,6.865,8.25,7.25,14.55
Sind danio,25.19,7.1235,7.1,5.9,15.35
Sirrimonninen,25.19,6.970999999999999,7.2,7.3,14.8
Six-banded distichodus,25.355,7.087999999999999,7.1,6.2,13.65
Sixray corydoras,25.525,6.984,6.4,7.2,15.65
"Sixray corydoras, false corydoras",25.235,6.987,7.15,7.8,13.8
Skunk loach,25.28,6.811,6.55,5.95,13.85
Slender betta,25.145,6.983,7.8,7.35,13.0
Snakeskin barb,25.28,6.968000000000001,7.3,6.9,18.6
Snakeskin gourami,25.115000000000002,7.040000000000001,6.85,7.35,14.65
South American lungfish,25.98,6.8905,7.05,6.65,13.25
Southern platy,26.04,6.9905,7.2,7.5,13.3
Southern redbelly dace,25.860000000000003,6.983,7.3,7.5,13.25
Spanner barb,25.115000000000002,7.0985,6.7,7.45,12.2
"Spanner barb, t-barb",25.369999999999997,7.037999999999999,6.35,9.25,12.15
Sparkling gourami,25.85,6.964,7.55,7.35,16.6
Spilo,25.375,7.084999999999999,7.05,6.95,13.9
Splash tetra,25.535,6.9765,7.4,7.95,15.15
Splendid darter,25.509999999999998,6.984,7.45,7.5,14.5
Spotfinned spiny eel,25.294999999999998,7.075,7.55,8.25,14.0
Spotted Gar,25.639999999999997,6.923,6.65,6.3,13.2
Spotted Raphael,25.615,6.908499999999999,6.2,7.4,12.5
Spotted angelfish,25.939999999999998,7.205,6.8,7.7,14.95
Spotted barb,25.885,6.8885000000000005,7.8,6.65,17.5
Spotted blue-eye,25.6,7.054,6.25,7.5,15.0
Spotted corydoras,25.020000000000003,7.001,7.25,6.85,15.75
"Spotted corydoras, longnose corydoras",25.43,7.0625,6.2,7.2,14.5
Spotted danio,25.645,6.961499999999999,7.2,7.7,15.6
Spotted headstander,25.03,6.928,6.9,6.7,15.9
Spotted lungfish,25.35,7.017,6.25,6.55,12.15
Spotted pimelodus,25.65,6.995,8.0,8.3,14.7
"Spotted pimelodus, pictus, pictus catfish",25.714999999999996,6.9765,6.0,7.55,14.7
Spotted raphael catfish,25.345,6.8629999999999995,7.35,6.75,14.1
Spotted scat,25.855,6.9535,7.45,6.45,14.3
Spotted sunfish,25.240000000000002,6.979000000000001,6.2,9.4,13.2
Spottedsail barb,25.78,6.873,6.35,6.2,13.95
"Spottedsail barb, dwarf barb",25.48,6.901999999999999,7.05,7.45,17.0
Steatocranus spp.,25.165,7.1255,6.75,6.15,14.45
Sterba's corydoras,25.34,6.959999999999999,7.7,7.15,14.1
Sterlet,25.44,7.182,6.85,7.45,13.0
Stinging catfish,25.15,6.9595,7.1,4.5,15.75
Striped Raphael,25.605,6.999,7.2,6.85,14.5
Striped glass catfish,25.47,6.905500000000001,6.1,7.2,12.45
Striped headstander,25.36,7.133,7.1,7.15,13.5
Striped panchax,26.139999999999997,7.227500000000001,7.05,5.3,12.2
"Striped panchax, Golden Wonder",25.375,6.996,6.75,6.55,16.4
Striped raphael catfish,24.98,6.8790000000000004,7.75,7.1,15.35
Striped sleeper goby,25.29,7.1215,6.65,5.6,13.1
Striped wallago catfish,25.265,6.992999999999999,7.25,6.05,13.9
Sturgeon catfish,25.619999999999997,7.1365,6.85,6.35,17.25
Sukamonninen,25.11,7.1045,7.05,8.45,15.6
Sun catfish,25.805,7.016500000000001,7.75,7.6,12.35
Sunshine peacock cichlid,25.619999999999997,6.9094999999999995,8.15,5.35,14.15
Swamp barb,25.45,6.9455,7.0,8.4,13.85
Sychr's catfish,25.35,7.043000000000001,6.6,6.3,14.35
T-bar cichlid,25.185,7.069,6.3,7.0,15.1
Tailspot corydoras,25.685000000000002,6.9925,7.65,7.0,15.8
Tami River rainbowfish,25.814999999999998,7.1175,7.15,8.6,13.6
Tanganyika killifish,25.2,7.077500000000001,6.55,7.8,13.65
Tench,25.48,7.039499999999999,6.4,8.5,14.55
Texas cichlid,25.425,6.8115,6.85,7.6,16.3
"Texas cichlid, Rio Grande cichlid",25.23,7.138,7.2,6.4,16.1
Thread-finned acara,25.275,7.1305000000000005,6.9,7.0,13.05
Threadfin rainbowfish,24.91,7.025,5.85,7.9,13.45
Three spot gourami,25.610000000000003,6.9155,6.9,6.4,15.1
Three-Stripe Dwarf Cichlid,25.735000000000003,6.949,6.35,7.0,12.9
Three-lined pencilfish,25.384999999999998,6.975,8.05,6.3,11.7
Three-striped African catfish,25.48,6.952,6.4,6.2,12.5
Threestripe corydoras,25.31,7.098999999999999,7.0,8.35,12.15
"Threestripe corydoras, leopard catfish, false julii cory",25.25,6.973999999999999,7.95,6.25,12.75
Tic-tac-toe barb,25.155,7.013,7.25,7.6,14.45
Ticto barb,25.665,7.1265,7.5,7.05,17.6
Tiger barb,25.675,6.9799999999999995,7.15,7.0,12.5
"Tiger barb, sumatra barb",25.085,7.127,7.05,5.9,14.2
Tiger hillstream loach,24.925,6.952,7.35,7.55,12.75
Tiger shovelnose catfish,25.395,6.904999999999999,7.55,6.5,13.75
Tiger sorubim,25.105,7.0145,6.75,6.7,12.2
Tinfoil barb,25.415,6.978,7.05,9.0,14.9
Tire track eel,25.215,7.0435,7.25,6.65,11.3
Toba betta,25.46,6.9855,7.65,8.05,13.05
Tropheus duboisi,25.28,7.0120000000000005,6.75,7.8,15.7
Tropheus moorii,25.05,6.9425,6.0,5.65,14.2
Tropheus polli,25.044999999999998,7.0455,7.35,6.75,12.9
Tropical Gar,26.085,7.071,7.7,6.95,15.4
Turquoise danio,24.715,7.0755,6.95,6.55,13.8
Twig catfish,24.925,7.077,5.7,7.6,14.7
Two spot glass catfish,25.685000000000002,7.0755,7.15,7.75,13.2
Two-Stripe Dwarf Cichlid,25.435,6.9825,7.0,7.8,11.6
Tyrannochromis macrostoma,25.55,7.0035,7.95,7.95,13.8
Uaru,25.27,6.765000000000001,6.9,8.5,16.0
"Uaru, waroo",25.105,7.039499999999999,6.45,6.5,14.6
Upside-down catfish,25.375,6.927,7.4,7.5,13.45
Variabilichromis moorii,25.7,7.0495,6.6,8.15,15.5
Variable platy,25.02,6.9765,6.5,5.75,15.55
Venustus cichlid,25.725,6.918000000000001,6.55,8.05,14.2
"Venustus cichlid, giraffe cichild",25.419999999999998,6.9670000000000005,6.7,8.1,13.05
Volcano rasbora,25.575,7.054,6.9,6.7,13.7
"Vulture Catfish, zamurito",25.259999999999998,7.0595,7.25,6.8,16.45
Walking catfish,25.475,7.147,6.85,7.65,13.05
Warmouth,26.405,6.9985,7.3,6.25,15.95
West African lungfish,25.41,7.0725,6.9,6.65,12.35
Western rainbowfish,25.645,6.973999999999999,7.35,7.8,12.8
Whiptail catfish,26.095,6.902500000000001,7.2,6.75,12.95
White Cloud Mountain minnow,25.215,6.9975,6.65,7.2,14.9
Wolf cichlid,25.65,6.931,7.35,7.25,15.65
Wrestling halfbeak,25.215,7.011,7.95,5.7,15.0
X-ray tetra,25.31,6.942,6.9,6.7,15.4
Xingu corydoras,25.384999999999998,7.0655,7.1,7.6,15.1
Xystichromis phytophagus,25.294999999999998,6.906499999999999,6.85,4.85,16.05
Yellow Top Mbamba,25.805,6.958499999999999,7.4,6.0,12.85
Yellow dwarf cichlid,25.115000000000002,6.955,7.2,6.9,14.35
Yellow phantom tetra,25.32,7.044499999999999,6.25,6.8,14.15
Yellow-tail acei,25.35,6.9784999999999995,7.7,7.0,14.05
Yellow-tailed Congo tetra,25.975,7.095999999999999,7.55,7.3,14.5
Yoyo loach,25.36,7.0265,7.05,8.5,13.2
Zebra acara,25.605,7.093500000000001,7.45,7.8,14.95
Zebra danio,25.775,7.058,7.2,6.4,15.65
Zebra dwarf sucker,25.509999999999998,6.92,7.1,6.85,16.5
"Zebra dwarf sucker, zebra oto",25.825,7.06,7.3,8.55,14.75
Zebra loach,25.535,6.813,7.05,6.55,14.55
Zebra obliquidens,25.619999999999997,7.028499999999999,6.3,5.35,15.0
Zebra pleco,25.645,6.995,8.05,5.1,14.95
"Zebra pleco, L-046",25.405,7.080500000000001,6.55,7.35,13.25
Zebra shovelnose,25.56,7.0185,6.75,6.9,12.55
Zebra tilapia,25.115000000000002,7.0489999999999995,6.75,5.5,16.6
algae eater,25.285,7.015000000000001,7.65,7.1,11.35
bandit corydoras,25.744999999999997,7.117,6.75,7.15,12.0
blackline penguinfish,25.435,7.0615,7.95,7.5,12.35
blind tetra,25.35,7.075,6.55,7.05,15.25
blood-red jewel cichlid,25.285,7.007,6.55,8.1,15.55
bushynose placo,25.5,7.003,6.15,7.35,16.1
butterfly peacock bass,25.294999999999998,7.0969999999999995,8.45,6.65,17.55
clown sailfin pleco,25.6,7.034000000000001,7.2,6.95,17.25
cobalt zebra cichlid,25.7,7.019499999999999,6.6,7.9,14.4
common barb,25.145,7.007,6.65,7.45,16.25
common carp,25.19,6.910500000000001,7.55,8.3,12.85
coolie loach,25.59,6.901999999999999,7.35,7.35,15.45
cupid cichlid,25.41,6.8755,6.85,6.75,14.95
dogtooth cichild,25.59,7.031999999999999,7.7,8.9,13.35
dwarf barb,25.610000000000003,6.8865,7.8,6.75,15.3
fairy cichlid,25.615,6.9925,6.65,7.35,13.75
false Siamese algae eater,25.265,7.036499999999999,7.5,8.2,13.45
false corydoras,24.94,7.0424999999999995,8.05,7.15,12.65
false upside down catfish,25.175,6.786,7.45,8.65,15.8
fathead minnow,25.39,7.0605,7.1,8.5,13.85
fiveband barb,25.259999999999998,7.0115,7.65,8.25,14.55
giraffe cichild,25.35,6.902500000000001,7.2,6.95,15.85
golden oto,25.525,6.9425,7.3,7.7,16.2
green discus,24.96,6.923,6.25,5.7,12.65
hornet cichlid,25.610000000000003,6.944,6.65,6.2,11.6
krib,24.985,6.9305,7.35,6.25,14.75
lavender cichild,25.655,7.1215,7.85,8.05,14.05
leopard catfish,25.580000000000002,7.0575,6.8,7.05,14.65
longnose corydoras,25.889999999999997,7.0655,7.7,7.05,12.35
lumphead cichlid,25.96,7.1325,7.35,6.7,13.9
managuense cichlid,25.075,7.0954999999999995,7.35,5.8,14.65
or dinosaur bichir,24.975,7.087000000000001,7.0,7.5,14.2
orange cheek pleco,25.3,7.086,6.5,7.8,13.5
pictus,25.44,6.9475,7.4,6.7,14.7
pretty tetra,25.525,6.9915,6.75,7.5,14.8
red devil cichlid,25.645,7.022499999999999,7.65,4.5,14.15
red discus,26.160000000000004,7.048,6.8,5.25,15.6
red-tailed rasbora,25.395,7.033499999999999,6.95,6.75,15.6
reticulated corydoras,25.21,7.092499999999999,6.55,7.7,14.8
suckermouth catfish,25.8,7.101000000000001,6.4,7.45,14.5
sumatra barb,25.435,6.993,6.75,6.65,13.95
t-barb,25.4,7.0715,7.35,7.35,15.95
two-spotted jewel cichlid,25.25,6.9334999999999996,7.15,7.55,13.6
waroo,25.889999999999997,7.1165,6.2,6.9,15.2
weather loach,25.685000000000002,6.9655000000000005,7.15,8.55,13.6
zebra oto,24.95,7.048,6.05,8.0,15.5
